run_id,git_commit,instance,objective,seed,algorithm,stopping_rule,evaluation_budget,evaluations,runtime_seconds,iterations,improvements,first_feasible_at,feasible,objective_value,f1,f2,f3,total_violation
f1_seed2016,087e7e3,data/example_instance,f1,2016,GVNS,max_evaluations,200000,200000,25.638,43,10,283,True,59960000.0,59960000.0,6.581429365139022,5.992882279238815,0.0
f1_seed2017,087e7e3,data/example_instance,f1,2017,GVNS,max_evaluations,200000,200000,24.458,43,14,341,True,60180000.0,60180000.0,6.668528398699184,6.17162017266709,0.0
f1_seed2018,087e7e3,data/example_instance,f1,2018,GVNS,max_evaluations,200000,200000,27.906,45,10,283,True,59700000.0,59700000.0,6.497711698958577,6.537507381189193,0.0
f1_seed2019,087e7e3,data/example_instance,f1,2019,GVNS,max_evaluations,200000,200000,22.102,42,7,508,True,60080000.0,60080000.0,6.524482878049456,5.904011370452653,0.0
f1_seed2020,087e7e3,data/example_instance,f1,2020,GVNS,max_evaluations,200000,200000,21.773,43,11,558,True,60220000.0,60220000.0,6.408356817414282,5.642386886689331,0.0
f2_seed2016,087e7e3,data/example_instance,f2,2016,GVNS,max_evaluations,200000,200000,22.193,30,8,6055,True,2.4063587390144248,63700000.0,2.4063587390144248,3.3977093452431366,0.0
f2_seed2017,087e7e3,data/example_instance,f2,2017,GVNS,max_evaluations,200000,200000,22.371,31,5,1323,True,2.4059875935992334,63700000.0,2.4059875935992334,3.3493552820068118,0.0
f2_seed2018,087e7e3,data/example_instance,f2,2018,GVNS,max_evaluations,200000,200000,22.642,33,5,4983,True,2.3730254273702003,63440000.0,2.3730254273702003,3.635610446744914,0.0
f2_seed2019,087e7e3,data/example_instance,f2,2019,GVNS,max_evaluations,200000,200000,22.778,26,3,1659,True,2.405964661358063,63700000.0,2.405964661358063,3.3213135026215275,0.0
f2_seed2020,087e7e3,data/example_instance,f2,2020,GVNS,max_evaluations,200000,200000,22.782,28,2,5916,True,2.373379794069202,63440000.0,2.373379794069202,3.6371045741048427,0.0
f3_seed2016,087e7e3,data/example_instance,f3,2016,GVNS,max_evaluations,200000,200000,23.073,25,4,5417,True,1.4353064857596947,65740000.0,5.885851937500913,1.4353064857596947,0.0
f3_seed2017,087e7e3,data/example_instance,f3,2017,GVNS,max_evaluations,200000,200000,23.415,22,6,5380,True,1.4214889444911094,65820000.0,6.332643579697718,1.4214889444911094,0.0
f3_seed2018,087e7e3,data/example_instance,f3,2018,GVNS,max_evaluations,200000,200000,23.444,25,3,386,True,1.4207622050785091,65820000.0,6.339640659482665,1.4207622050785091,0.0
f3_seed2019,087e7e3,data/example_instance,f3,2019,GVNS,max_evaluations,200000,200000,23.765,23,4,978,True,1.4354967584717406,65740000.0,5.854789294913131,1.4354967584717406,0.0
f3_seed2020,087e7e3,data/example_instance,f3,2020,GVNS,max_evaluations,200000,200000,23.364,20,1,910,True,1.435323673259695,65740000.0,5.866055815957651,1.435323673259695,0.0
