git_commit,config_id,budget,sample_size,p1_positions,p2_chain_length,p3_piles,objective,seed,feasible,objective_value,total_violation,first_feasible_at,iterations,outer_improvements,improvements_N1,improvements_N2,improvements_N3,shake_P1,shake_P2,shake_P3,runtime_seconds
d10e541,b50000_s250_p3-4-5,50000,250,3,4,5,f1,3201,True,60600000.0,0.0,424,9,3,278,0,0,4,3,2,5.924506652998389
d10e541,b50000_s250_p3-4-5,50000,250,3,4,5,f1,3202,True,60740000.0,0.0,497,9,5,249,0,0,6,2,1,5.585511958001007
d10e541,b50000_s250_p3-4-5,50000,250,3,4,5,f1,3203,True,60620000.0,0.0,361,9,5,232,0,2,6,3,0,5.564457965003385
d10e541,b50000_s250_p3-4-5,50000,250,3,4,5,f1,3204,True,60380000.0,0.0,411,10,4,276,0,0,6,3,1,5.512093619996449
d10e541,b50000_s250_p3-4-5,50000,250,3,4,5,f1,3205,True,60480000.0,0.0,497,10,2,284,0,0,5,3,2,5.468772186002752
d10e541,b50000_s250_p3-4-5,50000,250,3,4,5,f2,3201,True,2.4396279714516167,0.0,4622,6,3,134,200,0,4,2,0,5.586814051006513
d10e541,b50000_s250_p3-4-5,50000,250,3,4,5,f2,3202,True,2.406031540938861,0.0,829,7,3,139,187,1,4,2,1,5.610584902999108
d10e541,b50000_s250_p3-4-5,50000,250,3,4,5,f2,3203,True,2.4395160921599928,0.0,2897,6,1,141,156,0,3,2,1,5.615857783996034
d10e541,b50000_s250_p3-4-5,50000,250,3,4,5,f2,3204,True,2.4394755195478646,0.0,2864,5,1,105,186,0,3,1,1,5.6585068330023205
d10e541,b50000_s250_p3-4-5,50000,250,3,4,5,f2,3205,True,2.3743493508233504,0.0,734,7,3,140,220,0,5,1,1,5.605074029001116
d10e541,b50000_s250_p3-4-5,50000,250,3,4,5,f3,3201,True,1.4437204738067753,0.0,4815,6,3,138,279,0,4,1,1,5.700250368005072
d10e541,b50000_s250_p3-4-5,50000,250,3,4,5,f3,3202,True,1.4509813979166855,0.0,5535,6,2,125,248,0,4,1,1,5.679292542001349
d10e541,b50000_s250_p3-4-5,50000,250,3,4,5,f3,3203,True,1.451053299335335,0.0,381,5,3,139,247,0,4,1,0,5.6922963870019885
d10e541,b50000_s250_p3-4-5,50000,250,3,4,5,f3,3204,True,1.4369899444646987,0.0,4896,6,3,141,299,0,4,1,1,5.850317893004103
d10e541,b50000_s250_p3-4-5,50000,250,3,4,5,f3,3205,True,1.436830764043686,0.0,855,5,2,172,277,1,3,2,0,5.719380533999356
d10e541,b100000_s250_p3-4-5,100000,250,3,4,5,f1,3201,True,59960000.0,0.0,424,21,9,461,0,0,11,6,4,11.09167512699787
d10e541,b100000_s250_p3-4-5,100000,250,3,4,5,f1,3202,True,60520000.0,0.0,497,20,7,404,0,0,11,5,4,11.201403067003412
d10e541,b100000_s250_p3-4-5,100000,250,3,4,5,f1,3203,True,60240000.0,0.0,361,20,9,430,0,3,11,7,2,11.157371228000557
d10e541,b100000_s250_p3-4-5,100000,250,3,4,5,f1,3204,True,60220000.0,0.0,411,20,6,433,0,1,10,7,3,11.280476209998596
d10e541,b100000_s250_p3-4-5,100000,250,3,4,5,f1,3205,True,60260000.0,0.0,497,22,4,472,0,0,10,7,5,11.35135661700042
d10e541,b100000_s250_p3-4-5,100000,250,3,4,5,f2,3201,True,2.3738822017604684,0.0,4622,13,6,173,377,0,7,4,2,11.503905773999577
d10e541,b100000_s250_p3-4-5,100000,250,3,4,5,f2,3202,True,2.4058206172218886,0.0,829,14,4,196,387,1,7,4,3,11.588162717001978
d10e541,b100000_s250_p3-4-5,100000,250,3,4,5,f2,3203,True,2.439280183454418,0.0,2897,12,2,187,352,1,6,3,3,11.423306716998923
d10e541,b100000_s250_p3-4-5,100000,250,3,4,5,f2,3204,True,2.4071338687698276,0.0,2864,12,3,170,377,0,6,4,2,11.456819730999996
d10e541,b100000_s250_p3-4-5,100000,250,3,4,5,f2,3205,True,2.3737387505150145,0.0,734,15,6,226,419,0,9,4,2,11.737155934002658
d10e541,b100000_s250_p3-4-5,100000,250,3,4,5,f3,3201,True,1.4233739578186002,0.0,4815,12,5,202,586,0,7,3,2,11.994184308001422
d10e541,b100000_s250_p3-4-5,100000,250,3,4,5,f3,3202,True,1.4360904705709254,0.0,5535,12,4,177,542,0,6,3,3,15.439618620002875
d10e541,b100000_s250_p3-4-5,100000,250,3,4,5,f3,3203,True,1.4507013882237958,0.0,381,11,5,187,447,0,6,4,1,15.009624345002521
d10e541,b100000_s250_p3-4-5,100000,250,3,4,5,f3,3204,True,1.4369899444646987,0.0,4896,12,3,211,586,0,6,3,3,14.967872770997928
d10e541,b100000_s250_p3-4-5,100000,250,3,4,5,f3,3205,True,1.4366557092114505,0.0,855,11,4,245,565,1,6,3,2,12.155314647003252
d10e541,b200000_s250_p3-4-5,200000,250,3,4,5,f1,3201,True,59920000.0,0.0,424,45,10,797,0,0,20,14,11,23.3465572770001
d10e541,b200000_s250_p3-4-5,200000,250,3,4,5,f1,3202,True,60060000.0,0.0,497,43,12,764,0,0,21,12,10,23.710217068997736
d10e541,b200000_s250_p3-4-5,200000,250,3,4,5,f1,3203,True,60000000.0,0.0,361,44,10,818,0,3,19,15,10,23.61920470000041
d10e541,b200000_s250_p3-4-5,200000,250,3,4,5,f1,3204,True,59840000.0,0.0,411,41,9,820,0,2,18,14,9,24.17280301300343
d10e541,b200000_s250_p3-4-5,200000,250,3,4,5,f1,3205,True,60080000.0,0.0,497,46,6,889,0,0,19,15,12,23.74087465499906
d10e541,b200000_s250_p3-4-5,200000,250,3,4,5,f2,3201,True,2.3731420726279966,0.0,4622,28,8,286,747,0,13,9,6,27.14099462000013
d10e541,b200000_s250_p3-4-5,200000,250,3,4,5,f2,3202,True,2.372861609802938,0.0,829,29,5,298,767,1,13,8,8,28.68162769400078
d10e541,b200000_s250_p3-4-5,200000,250,3,4,5,f2,3203,True,2.40663924164347,0.0,2897,28,4,275,706,2,11,9,8,27.037613950997184
d10e541,b200000_s250_p3-4-5,200000,250,3,4,5,f2,3204,True,2.3729473978436424,0.0,2864,26,9,295,727,0,14,8,4,26.058229212998413
d10e541,b200000_s250_p3-4-5,200000,250,3,4,5,f2,3205,True,2.3728333778831345,0.0,734,30,11,331,689,0,16,8,6,26.24632417399698
d10e541,b200000_s250_p3-4-5,200000,250,3,4,5,f3,3201,True,1.420911719985603,0.0,4815,24,6,302,1081,0,11,7,6,26.705293470004108
d10e541,b200000_s250_p3-4-5,200000,250,3,4,5,f3,3202,True,1.4352997063175459,0.0,5535,26,8,323,1060,0,12,8,6,26.591590634001477
d10e541,b200000_s250_p3-4-5,200000,250,3,4,5,f3,3203,True,1.4359014825271579,0.0,381,24,6,288,878,0,11,8,5,27.546088328002952
d10e541,b200000_s250_p3-4-5,200000,250,3,4,5,f3,3204,True,1.4358789663992952,0.0,4896,22,4,326,1076,0,9,7,6,27.2413350679999
d10e541,b200000_s250_p3-4-5,200000,250,3,4,5,f3,3205,True,1.4353446343089948,0.0,855,23,7,348,1054,1,10,7,6,26.612409083994862
