config_id,budget,sample_size,p1_positions,p2_chain_length,p3_piles,objective,feasible_runs,total_runs,min_objective,mean_objective,std_objective,max_objective,mean_first_feasible,mean_violation,mean_iterations,mean_outer_improvements,mean_runtime_seconds
b50000_s250_p3-4-5,50000,250,3,4,5,f1,5,5,60380000.0,60564000.0,138130.37319865605,60740000.0,438,0.0,9.4,3.8,5.611068476400396
b50000_s250_p3-4-5,50000,250,3,4,5,f2,5,5,2.3743493508233504,2.4198000949843372,0.029258890900365174,2.4396279714516167,2389.2,0.0,6.2,2.2,5.615367520001018
b50000_s250_p3-4-5,50000,250,3,4,5,f3,5,5,1.436830764043686,1.443915175913436,0.007054607190599659,1.451053299335335,3296.4,0.0,5.6,2.6,5.728307544802374
b100000_s250_p3-4-5,100000,250,3,4,5,f1,5,5,59960000.0,60240000.0,198494.33241279208,60520000.0,438,0.0,20.6,7,11.216456449800171
b100000_s250_p3-4-5,100000,250,3,4,5,f2,5,5,2.3737387505150145,2.3999711243443236,0.027383813289321483,2.439280183454418,2389.2,0.0,13.2,4.2,11.541870174600627
b100000_s250_p3-4-5,100000,250,3,4,5,f3,5,5,1.4233739578186002,1.4367622940578941,0.009670320900274164,1.4507013882237958,3296.4,0.0,11.6,4.2,13.913322938201599
b200000_s250_p3-4-5,200000,250,3,4,5,f1,5,5,59840000.0,59980000.0,100000.0,60080000.0,438,0.0,43.8,9.4,23.71793134280015
b200000_s250_p3-4-5,200000,250,3,4,5,f2,5,5,2.3728333778831345,2.3796847399602363,0.015068507748470092,2.40663924164347,2389.2,0.0,28.2,7.4,27.032957930398698
b200000_s250_p3-4-5,200000,250,3,4,5,f3,5,5,1.420911719985603,1.4326673019077194,0.006577729113778267,1.4359014825271579,3296.4,0.0,23.8,6.2,26.93934331680066
